Carpark,Keep/Throw
AR5M,Keep
AR7L,Keep
AR7M,Keep
AV1,Keep
BM1,Keep
BM10,Keep
BM13,Keep
BM14,Keep
BM19,Keep
BM2,Keep
BM20,Keep
BM26,Keep
BM28,Keep
BM29,Keep
BM3,Keep
BM30,Keep
BM31,Keep
BM4,Keep
BM5,Keep
BM6,Keep
BMVM,Keep
BP1,Keep
BP2,Keep
BTM,Keep
BTM2,Keep
BTM3,Keep
BVM2,Keep
BWM,Keep
CAM,Keep
CDM,Keep
CLM,Keep
CM1,Keep
CSM,Keep
DRM1,Keep
DRM2,Keep
DRM3,Keep
DRM4,Keep
DRM5,Keep
DRS,Keep
DSRL,Keep
DUXM,Keep
DWSP,Keep
DWSV,Keep
DWVT,Keep
EPL,Keep
EPM,Keep
GM1A,Keep
GM1M,Keep
GM2,Keep
GM2A,Keep
GM3,Keep
GM5,Keep
GM6A,Keep
GM6B,Keep
H12,Keep
H14,Keep
H17,Keep
H18,Keep
H3,Keep
H4,Keep
H6,Keep
H8,Keep
HCM,Keep
HE12,Keep
HE17,Keep
HE24,Keep
HE3,Keep
HE9,Keep
HLM,Keep
HRM,Keep
HVM,Keep
JBM,Keep
JBM2,Keep
JKS,Keep
JMB1,Keep
JMB2,Keep
JMB3,Keep
JRTM,Keep
KAM,Keep
KAML,Keep
KAS,Keep
KTM,Keep
KTM2,Keep
KTM3,Keep
KTM4,Keep
LBM,Keep
MLM1,Keep
PRM,Keep
Q16,Keep
Q17,Keep
Q19,Keep
Q41,Keep
Q65,Keep
Q66,Keep
Q67,Keep
Q68,Keep
Q70,Keep
Q73,Keep
Q75M,Keep
Q77M,Keep
Q8,Keep
Q80,Keep
Q81,Keep
Q84,Keep
Q85,Keep
Q86,Keep
Q87,Keep
Q88,Keep
Q89,Keep
Q94,Keep
RHM,Keep
RHM2,Keep
RHM3,Keep
RHM4,Keep
SAM,Keep
SAM2,Keep
SLS,Keep
SPS,Keep
STAM,Keep
STM1,Keep
STM2,Keep
TB1,Keep
TB11,Keep
TB14,Keep
TB17,Keep
TB18,Keep
TB19,Keep
TB2,Keep
TB22,Keep
TB28,Keep
TB3,Keep
TB7,Keep
TB9,Keep
TBC2,Keep
TBCM,Keep
TBL,Keep
TBM,Keep
TBM3,Keep
TBM4,Keep
TBM5,Keep
TBM6,Keep
TBM7,Keep
TBM8,Keep
TBMT,Keep
TE1,Keep
TE13,Keep
TE14,Keep
TE2,Keep
TE25,Keep
TE4,Keep
TPL,Keep
TPM,Keep
YHS,Keep
